{"cameraMode":{"drawMode":0,"name":"Shaded","section":"Shading Mode"},"sceneLighting":true,"audioPlay":false,"sceneViewState":{"m_AlwaysRefresh":false,"showFog":true,"showSkybox":true,"showFlares":true,"showImageEffects":true,"showParticleSystems":true,"showVisualEffectGraphs":true,"m_FxEnabled":true},"in2DMode":false,"pivot":{"x":2.041045904159546,"y":5.327488422393799,"z":-7.711393356323242},"rotation":{"x":-0.05487077310681343,"y":-0.013182338327169419,"z":0.0007107376586645842,"w":-0.9982935190200806},"size":7.142680644989014,"orthographic":false}